Keyword,Intent,Priority,Page Type,URL Slug,Notes
wholesale sarees,Transactional,P1,Pillar,/wholesale-sarees/,Featured snippet opportunity
saree wholesaler,Transactional,P1,Pillar,/wholesale-sarees/,High volume
saree manufacturer India,Commercial,P1,Pillar,/wholesale-sarees/,B2B intent
wholesale saree catalog,Transactional,P1,Pillar,/wholesale-sarees/,Catalog seekers
bulk saree order,Transactional,P1,Blog,/blog/bulk-saree-order-guide/,How-to guide
saree wholesale price,Commercial,P1,Pillar,/wholesale-sarees/,Price shoppers
saree supplier Surat,Transactional,P1,City,/wholesale-sarees-surat/,Location intent
wholesale saree market,Commercial,P1,Blog,/blog/wholesale-saree-markets-india/,Info seekers
saree MOQ India,Informational,P1,Blog,/blog/saree-moq-guide/,PAA target
wholesale cotton sarees,Transactional,P1,Category,/wholesale-sarees/cotton/,Fabric specific
wholesale silk sarees,Transactional,P1,Category,/wholesale-sarees/silk/,Premium segment
wholesale georgette sarees,Transactional,P1,Category,/wholesale-sarees/georgette/,Popular fabric
banarasi sarees wholesale,Transactional,P1,Category,/wholesale-sarees/banarasi/,High value
chiffon sarees wholesale,Transactional,P1,Category,/wholesale-sarees/chiffon/,Light fabric
organza sarees wholesale,Transactional,P1,Category,/wholesale-sarees/organza/,Trending
linen sarees wholesale,Transactional,P1,Category,/wholesale-sarees/linen/,Summer demand
soft silk sarees wholesale,Transactional,P1,Category,/wholesale-sarees/soft-silk/,South India
wedding sarees wholesale,Transactional,P1,Category,/wholesale-sarees/wedding/,Occasion
festive sarees wholesale,Transactional,P1,Category,/wholesale-sarees/festive/,Seasonal
party wear sarees wholesale,Transactional,P1,Category,/wholesale-sarees/party-wear/,Occasion
daily wear sarees wholesale,Transactional,P2,Category,/wholesale-sarees/daily-wear/,Volume segment
office wear sarees wholesale,Commercial,P2,Category,/wholesale-sarees/office-wear/,Niche
printed sarees wholesale,Transactional,P1,Category,/wholesale-sarees/printed/,Design type
designer sarees wholesale,Commercial,P1,Category,/wholesale-sarees/designer/,Premium
embroidery sarees wholesale,Transactional,P1,Category,/wholesale-sarees/embroidery/,Craft type
wholesale sarees Bengaluru,Transactional,P1,City,/wholesale-sarees-bengaluru/,Local buyer
wholesale sarees Mumbai,Transactional,P1,City,/wholesale-sarees-mumbai/,Metro market
wholesale sarees Delhi,Transactional,P1,City,/wholesale-sarees-delhi/,North India
wholesale sarees Kolkata,Transactional,P1,City,/wholesale-sarees-kolkata/,East India
wholesale sarees Chennai,Transactional,P1,City,/wholesale-sarees-chennai/,South India
wholesale sarees Hyderabad,Transactional,P1,City,/wholesale-sarees-hyderabad/,Telangana
wholesale sarees Pune,Transactional,P2,City,/wholesale-sarees-pune/,Maharashtra
wholesale sarees Ahmedabad,Transactional,P2,City,/wholesale-sarees-ahmedabad/,Gujarat
wholesale sarees Jaipur,Transactional,P2,City,/wholesale-sarees-jaipur/,Rajasthan
wholesale sarees Lucknow,Transactional,P2,City,/wholesale-sarees-lucknow/,UP market
wholesale sarees Indore,Transactional,P2,City,/wholesale-sarees-indore/,MP market
wholesale sarees Nagpur,Transactional,P2,City,/wholesale-sarees-nagpur/,Central India
wholesale sarees Surat,Transactional,P1,City,/wholesale-sarees-surat/,Textile hub
saree wholesale market Surat,Commercial,P1,Blog,/blog/surat-wholesale-market-guide/,Buying guide
cheap wholesale sarees,Transactional,P2,Blog,/blog/affordable-wholesale-sarees/,Budget buyers
wholesale saree business,Informational,P1,Blog,/blog/start-saree-business/,Starter guide
saree business profit margin,Informational,P1,Blog,/blog/saree-profit-margin-guide/,Calculator
GST on sarees wholesale,Informational,P1,Blog,/blog/gst-sarees-wholesale/,Compliance
saree dispatch time wholesale,Informational,P2,Blog,/blog/wholesale-dispatch-guide/,Operations
wholesale saree return policy,Informational,P2,Blog,/blog/wholesale-return-policy/,Policy info
Meghdoot saree catalog,Transactional,P1,Brand,/meghdoot-saree-catalog/,Brand defense
Meghdoot Textiles wholesale,Transactional,P1,Brand,/meghdoot-textiles-wholesale/,Brand defense
Meghdoot sarees price,Commercial,P1,Brand,/meghdoot-sarees-wholesale-price/,Brand price
wholesale kurtis,Transactional,P1,Pillar,/wholesale-kurtis/,Core pillar
kurti wholesaler,Transactional,P1,Pillar,/wholesale-kurtis/,High volume
kurti manufacturer India,Commercial,P1,Pillar,/wholesale-kurtis/,B2B intent
wholesale kurti catalog,Transactional,P1,Pillar,/wholesale-kurtis/,Catalog seekers
bulk kurti order,Transactional,P1,Blog,/blog/bulk-kurti-order-guide/,How-to
kurti wholesale price,Commercial,P1,Pillar,/wholesale-kurtis/,Price shoppers
kurti supplier Surat,Transactional,P1,City,/wholesale-kurtis-surat/,Location
cotton kurtis wholesale,Transactional,P1,Category,/wholesale-kurtis/cotton/,Popular fabric
rayon kurtis wholesale,Transactional,P1,Category,/wholesale-kurtis/rayon/,Soft fabric
silk kurtis wholesale,Transactional,P1,Category,/wholesale-kurtis/silk/,Premium
chanderi kurtis wholesale,Transactional,P2,Category,/wholesale-kurtis/chanderi/,Traditional
lucknowi kurtis wholesale,Transactional,P1,Category,/wholesale-kurtis/lucknowi/,Chikan work
anarkali kurtis wholesale,Transactional,P1,Category,/wholesale-kurtis/anarkali/,Style type
straight cut kurtis wholesale,Transactional,P1,Category,/wholesale-kurtis/straight-cut/,Modern style
A-line kurtis wholesale,Transactional,P1,Category,/wholesale-kurtis/a-line/,Popular cut
designer kurtis wholesale,Commercial,P1,Category,/wholesale-kurtis/designer/,Premium
party wear kurtis wholesale,Transactional,P1,Category,/wholesale-kurtis/party-wear/,Occasion
festive kurtis wholesale,Transactional,P1,Category,/wholesale-kurtis/festive/,Seasonal
daily wear kurtis wholesale,Transactional,P1,Category,/wholesale-kurtis/daily-wear/,Volume
office wear kurtis wholesale,Commercial,P2,Category,/wholesale-kurtis/office-wear/,Work wear
casual kurtis wholesale,Transactional,P2,Category,/wholesale-kurtis/casual/,Everyday
printed kurtis wholesale,Transactional,P1,Category,/wholesale-kurtis/printed/,Design type
embroidered kurtis wholesale,Transactional,P1,Category,/wholesale-kurtis/embroidered/,Craft
plain kurtis wholesale,Transactional,P2,Category,/wholesale-kurtis/plain/,Simple style
plus size kurtis wholesale,Commercial,P1,Category,/wholesale-kurtis/plus-size/,Underserved
wholesale kurtis Bengaluru,Transactional,P1,City,/wholesale-kurtis-bengaluru/,Local
wholesale kurtis Mumbai,Transactional,P1,City,/wholesale-kurtis-mumbai/,Metro
wholesale kurtis Delhi,Transactional,P1,City,/wholesale-kurtis-delhi/,North
wholesale kurtis Kolkata,Transactional,P1,City,/wholesale-kurtis-kolkata/,East
wholesale kurtis Chennai,Transactional,P1,City,/wholesale-kurtis-chennai/,South
wholesale kurtis Hyderabad,Transactional,P1,City,/wholesale-kurtis-hyderabad/,Telangana
wholesale kurtis Pune,Transactional,P2,City,/wholesale-kurtis-pune/,Maharashtra
wholesale kurtis Jaipur,Transactional,P2,City,/wholesale-kurtis-jaipur/,Rajasthan
wholesale kurtis Surat,Transactional,P1,City,/wholesale-kurtis-surat/,Hub
kurti business ideas,Informational,P1,Blog,/blog/kurti-business-ideas/,Starter
kurti profit margin retail,Informational,P1,Blog,/blog/kurti-profit-margin/,Calculator
kurti size chart wholesale,Informational,P2,Blog,/blog/kurti-size-chart-guide/,Reference
kurti fabric guide,Informational,P1,Blog,/blog/kurti-fabric-guide/,Education
Meghdoot kurtis catalog,Transactional,P1,Brand,/meghdoot-kurtis-catalog/,Brand defense
wholesale lehengas,Transactional,P1,Pillar,/wholesale-lehengas/,Core pillar
lehenga wholesaler,Transactional,P1,Pillar,/wholesale-lehengas/,High volume
lehenga manufacturer India,Commercial,P1,Pillar,/wholesale-lehengas/,B2B intent
wholesale lehenga catalog,Transactional,P1,Pillar,/wholesale-lehengas/,Catalog seekers
bulk lehenga order,Transactional,P1,Blog,/blog/bulk-lehenga-order-guide/,How-to
lehenga wholesale price,Commercial,P1,Pillar,/wholesale-lehengas/,Price shoppers
bridal lehenga wholesale,Transactional,P1,Category,/wholesale-lehengas/bridal/,Wedding
wedding lehenga wholesale,Transactional,P1,Category,/wholesale-lehengas/wedding/,Occasion
party lehenga wholesale,Transactional,P1,Category,/wholesale-lehengas/party-wear/,Event
designer lehenga wholesale,Commercial,P1,Category,/wholesale-lehengas/designer/,Premium
silk lehenga wholesale,Transactional,P1,Category,/wholesale-lehengas/silk/,Fabric
velvet lehenga wholesale,Transactional,P1,Category,/wholesale-lehengas/velvet/,Winter
georgette lehenga wholesale,Transactional,P1,Category,/wholesale-lehengas/georgette/,Light
net lehenga wholesale,Transactional,P1,Category,/wholesale-lehengas/net/,Trending
heavy lehenga wholesale,Transactional,P1,Category,/wholesale-lehengas/heavy-work/,Bridal
simple lehenga wholesale,Transactional,P2,Category,/wholesale-lehengas/simple/,Budget
festive lehenga wholesale,Transactional,P1,Category,/wholesale-lehengas/festive/,Seasonal
engagement lehenga wholesale,Transactional,P1,Category,/wholesale-lehengas/engagement/,Occasion
reception lehenga wholesale,Transactional,P1,Category,/wholesale-lehengas/reception/,Event
kids lehenga wholesale,Commercial,P2,Category,/wholesale-lehengas/kids/,Children
wholesale lehengas Bengaluru,Transactional,P1,City,/wholesale-lehengas-bengaluru/,Local
wholesale lehengas Mumbai,Transactional,P1,City,/wholesale-lehengas-mumbai/,Metro
wholesale lehengas Delhi,Transactional,P1,City,/wholesale-lehengas-delhi/,North
wholesale lehengas Kolkata,Transactional,P1,City,/wholesale-lehengas-kolkata/,East
wholesale lehengas Chennai,Transactional,P1,City,/wholesale-lehengas-chennai/,South
wholesale lehengas Hyderabad,Transactional,P1,City,/wholesale-lehengas-hyderabad/,Telangana
wholesale lehengas Surat,Transactional,P1,City,/wholesale-lehengas-surat/,Manufacturing
wholesale lehengas Jaipur,Transactional,P2,City,/wholesale-lehengas-jaipur/,Rajasthan
lehenga business profit,Informational,P1,Blog,/blog/lehenga-business-profit/,Calculator
bridal lehenga sourcing,Informational,P1,Blog,/blog/bridal-lehenga-sourcing/,Guide
lehenga size chart,Informational,P2,Blog,/blog/lehenga-size-chart/,Reference
Meghdoot lehengas catalog,Transactional,P1,Brand,/meghdoot-lehengas-catalog/,Brand defense
wholesale ethnic wear India,Transactional,P1,Blog,/blog/wholesale-ethnic-wear-guide/,Broad
ethnic wear supplier,Commercial,P1,Pillar,/wholesale-sarees/,General
ladies dress wholesale,Transactional,P2,Blog,/blog/ladies-dress-wholesale/,General
women clothing wholesale,Transactional,P2,Blog,/blog/women-clothing-wholesale/,Broad
Indian ethnic wear wholesale,Transactional,P1,Blog,/blog/indian-ethnic-wear-wholesale/,Broad
traditional wear wholesale,Commercial,P2,Blog,/blog/traditional-wear-wholesale/,Broad
boutique supplier India,Commercial,P1,Blog,/blog/boutique-supplier-guide/,B2B
reseller sarees India,Commercial,P1,Blog,/blog/saree-reseller-guide/,B2B buyer
textile wholesaler Bengaluru,Commercial,P1,City,/wholesale-sarees-bengaluru/,Local
fabric wholesale India,Commercial,P2,Blog,/blog/fabric-wholesale-guide/,Material
COD wholesale sarees,Commercial,P2,Blog,/blog/cod-wholesale-guide/,Payment
wholesale with GST invoice,Commercial,P1,Blog,/blog/gst-invoice-wholesale/,Compliance
minimum order quantity sarees,Informational,P1,Blog,/blog/saree-moq-guide/,PAA
MOQ wholesale textiles,Informational,P1,Blog,/blog/textile-moq-explained/,Education
wholesale dispatch India,Informational,P2,Blog,/blog/wholesale-dispatch-guide/,Operations
saree catalog PDF download,Commercial,P2,Blog,/blog/catalog-download-guide/,Lead gen
kurtis catalog PDF,Commercial,P2,Blog,/blog/kurti-catalog-download/,Lead gen
lehenga catalog download,Commercial,P2,Blog,/blog/lehenga-catalog-download/,Lead gen
wedding season wholesale,Commercial,P1,Blog,/blog/wedding-season-wholesale-guide/,Seasonal
festive season sarees,Commercial,P1,Blog,/blog/festive-season-saree-guide/,Seasonal
Diwali sarees wholesale,Commercial,P1,Blog,/blog/diwali-saree-collection/,Festival
Navratri lehengas wholesale,Commercial,P1,Blog,/blog/navratri-lehenga-collection/,Festival
Eid kurtis wholesale,Commercial,P2,Blog,/blog/eid-kurti-collection/,Festival
summer sarees wholesale,Commercial,P2,Blog,/blog/summer-saree-collection/,Season
winter ethnic wear wholesale,Commercial,P2,Blog,/blog/winter-ethnic-wear/,Season
trending sarees 2024,Commercial,P1,Blog,/blog/trending-sarees-2024/,Trend
trending kurtis 2024,Commercial,P1,Blog,/blog/trending-kurtis-2024/,Trend
trending lehengas 2024,Commercial,P1,Blog,/blog/trending-lehengas-2024/,Trend
how to buy wholesale sarees,Informational,P1,Blog,/blog/how-to-buy-wholesale-sarees/,How-to
how to start saree business,Informational,P1,Blog,/blog/start-saree-business/,How-to
how to buy sarees from Surat,Informational,P1,Blog,/blog/buy-sarees-surat-guide/,Location
best saree fabrics wholesale,Informational,P1,Blog,/blog/best-saree-fabrics/,Education
saree quality check tips,Informational,P1,Blog,/blog/saree-quality-check/,Education
wholesale vs retail sarees,Informational,P1,Blog,/blog/wholesale-vs-retail-sarees/,Comparison
saree pricing strategy,Informational,P1,Blog,/blog/saree-pricing-strategy/,Business
kurti business from home,Informational,P1,Blog,/blog/kurti-business-from-home/,Starter
online saree business ideas,Informational,P1,Blog,/blog/online-saree-business/,Starter
retailer tips saree business,Informational,P1,Blog,/blog/retailer-saree-tips/,Guide
boutique owner saree guide,Informational,P1,Blog,/blog/boutique-owner-guide/,Guide
saree exhibition India,Commercial,P2,Blog,/blog/saree-exhibitions-india/,Events
textile trade fair 2024,Commercial,P2,Blog,/blog/textile-trade-fairs/,Events
patola sarees wholesale,Transactional,P2,Category,/wholesale-sarees/patola/,Regional
bandhani sarees wholesale,Transactional,P2,Category,/wholesale-sarees/bandhani/,Regional
kanjivaram sarees wholesale,Transactional,P1,Category,/wholesale-sarees/kanjivaram/,Premium
paithani sarees wholesale,Transactional,P2,Category,/wholesale-sarees/paithani/,Regional
chanderi sarees wholesale,Transactional,P2,Category,/wholesale-sarees/chanderi/,MP
tussar silk sarees wholesale,Transactional,P2,Category,/wholesale-sarees/tussar/,East India
jamdani sarees wholesale,Transactional,P2,Category,/wholesale-sarees/jamdani/,Bengal
pochampally sarees wholesale,Transactional,P2,Category,/wholesale-sarees/pochampally/,Telangana
saree blouse wholesale,Transactional,P2,Category,/wholesale-sarees/blouse-pieces/,Accessory
readymade blouse wholesale,Transactional,P2,Category,/wholesale-kurtis/readymade-blouse/,Accessory
kurti pant set wholesale,Transactional,P2,Category,/wholesale-kurtis/kurti-pant-sets/,Combo
kurti palazzo set wholesale,Transactional,P2,Category,/wholesale-kurtis/kurti-palazzo-sets/,Combo
lehenga choli set wholesale,Transactional,P1,Category,/wholesale-lehengas/choli-sets/,Complete
dupatta wholesale,Transactional,P2,Category,/wholesale-kurtis/dupatta/,Accessory
wholesale sarees under 500,Transactional,P1,Category,/wholesale-sarees/under-500/,Price point
wholesale sarees under 1000,Transactional,P1,Category,/wholesale-sarees/under-1000/,Price point
wholesale kurtis under 300,Transactional,P1,Category,/wholesale-kurtis/under-300/,Price point
wholesale kurtis under 500,Transactional,P1,Category,/wholesale-kurtis/under-500/,Price point
wholesale lehengas under 2000,Transactional,P1,Category,/wholesale-lehengas/under-2000/,Price point
wholesale lehengas under 5000,Transactional,P1,Category,/wholesale-lehengas/under-5000/,Price point
premium sarees wholesale,Commercial,P1,Category,/wholesale-sarees/premium/,High value
budget sarees wholesale,Transactional,P1,Category,/wholesale-sarees/budget/,Value segment
export quality sarees,Commercial,P2,Blog,/blog/export-quality-sarees/,International
NRI saree wholesale,Commercial,P2,Blog,/blog/nri-saree-wholesale/,Diaspora
USA saree wholesale,Commercial,P2,Blog,/blog/usa-saree-wholesale/,Export
UK saree wholesale,Commercial,P2,Blog,/blog/uk-saree-wholesale/,Export
Canada ethnic wear wholesale,Commercial,P2,Blog,/blog/canada-ethnic-wholesale/,Export
Australia saree wholesale,Commercial,P2,Blog,/blog/australia-saree-wholesale/,Export
wholesale sarees Coimbatore,Transactional,P2,City,/wholesale-sarees-coimbatore/,Tamil Nadu
wholesale sarees Kochi,Transactional,P2,City,/wholesale-sarees-kochi/,Kerala
wholesale sarees Bhopal,Transactional,P2,City,/wholesale-sarees-bhopal/,MP
wholesale sarees Chandigarh,Transactional,P2,City,/wholesale-sarees-chandigarh/,Punjab
wholesale sarees Patna,Transactional,P3,City,/wholesale-sarees-patna/,Bihar
wholesale sarees Bhubaneswar,Transactional,P3,City,/wholesale-sarees-bhubaneswar/,Odisha
wholesale sarees Guwahati,Transactional,P3,City,/wholesale-sarees-guwahati/,Northeast
wholesale kurtis Coimbatore,Transactional,P2,City,/wholesale-kurtis-coimbatore/,Tamil Nadu
wholesale kurtis Kochi,Transactional,P2,City,/wholesale-kurtis-kochi/,Kerala
wholesale lehengas Coimbatore,Transactional,P2,City,/wholesale-lehengas-coimbatore/,Tamil Nadu
saree dropshipping India,Commercial,P2,Blog,/blog/saree-dropshipping-guide/,Business model
kurti dropshipping wholesale,Commercial,P2,Blog,/blog/kurti-dropshipping/,Business model
white label sarees India,Commercial,P2,Blog,/blog/white-label-sarees/,Private label
private label ethnic wear,Commercial,P2,Blog,/blog/private-label-ethnic/,Branding
wholesale saree suppliers list,Informational,P1,Blog,/blog/wholesale-saree-suppliers/,Directory
verified wholesale suppliers,Commercial,P1,Blog,/blog/verified-suppliers-guide/,Trust
trusted saree wholesaler,Commercial,P1,Pillar,/wholesale-sarees/,Trust signal
direct manufacturer sarees,Commercial,P1,Blog,/blog/direct-manufacturer-benefits/,Value prop
factory price sarees,Commercial,P1,Blog,/blog/factory-price-sarees/,Value prop
no middleman saree wholesale,Commercial,P1,Blog,/blog/no-middleman-wholesale/,Value prop
saree quality grades,Informational,P1,Blog,/blog/saree-quality-grades/,Education
fabric GSM guide textiles,Informational,P2,Blog,/blog/fabric-gsm-guide/,Technical
saree weaving types,Informational,P1,Blog,/blog/saree-weaving-types/,Education
zari work sarees wholesale,Transactional,P1,Category,/wholesale-sarees/zari/,Craft
stone work sarees wholesale,Transactional,P2,Category,/wholesale-sarees/stone-work/,Embellishment
sequin sarees wholesale,Transactional,P2,Category,/wholesale-sarees/sequin/,Party
mirror work sarees wholesale,Transactional,P2,Category,/wholesale-sarees/mirror-work/,Traditional
hand block print sarees wholesale,Transactional,P2,Category,/wholesale-sarees/block-print/,Craft
digital print sarees wholesale,Transactional,P1,Category,/wholesale-sarees/digital-print/,Modern
saree border designs wholesale,Transactional,P2,Category,/wholesale-sarees/border-designs/,Detail
contrast blouse sarees wholesale,Transactional,P2,Category,/wholesale-sarees/contrast-blouse/,Styling
half and half sarees wholesale,Transactional,P2,Category,/wholesale-sarees/half-and-half/,Design
saree with jacket wholesale,Transactional,P2,Category,/wholesale-sarees/with-jacket/,Trend
Indo western kurtis wholesale,Transactional,P1,Category,/wholesale-kurtis/indo-western/,Fusion
asymmetric kurtis wholesale,Transactional,P2,Category,/wholesale-kurtis/asymmetric/,Modern
floor length kurtis wholesale,Transactional,P1,Category,/wholesale-kurtis/floor-length/,Gown style
short kurtis wholesale,Transactional,P1,Category,/wholesale-kurtis/short/,Casual
tunic kurtis wholesale,Transactional,P1,Category,/wholesale-kurtis/tunic/,Western fusion
high low kurtis wholesale,Transactional,P2,Category,/wholesale-kurtis/high-low/,Trendy
collar neck kurtis wholesale,Transactional,P2,Category,/wholesale-kurtis/collar-neck/,Formal
mandarin collar kurtis wholesale,Transactional,P2,Category,/wholesale-kurtis/mandarin-collar/,Chinese
V neck kurtis wholesale,Transactional,P2,Category,/wholesale-kurtis/v-neck/,Neckline
boat neck kurtis wholesale,Transactional,P2,Category,/wholesale-kurtis/boat-neck/,Elegant
mermaid lehenga wholesale,Transactional,P2,Category,/wholesale-lehengas/mermaid/,Fit type
A-line lehenga wholesale,Transactional,P1,Category,/wholesale-lehengas/a-line/,Classic
circular lehenga wholesale,Transactional,P1,Category,/wholesale-lehengas/circular/,Full flare
paneled lehenga wholesale,Transactional,P2,Category,/wholesale-lehengas/paneled/,Structure
flared lehenga wholesale,Transactional,P1,Category,/wholesale-lehengas/flared/,Traditional
cancan lehenga wholesale,Transactional,P2,Category,/wholesale-lehengas/cancan/,Volume
crop top lehenga wholesale,Transactional,P1,Category,/wholesale-lehengas/crop-top/,Modern
long blouse lehenga wholesale,Transactional,P2,Category,/wholesale-lehengas/long-blouse/,Contemporary
jacket lehenga wholesale,Transactional,P2,Category,/wholesale-lehengas/with-jacket/,Indo western
saree lehenga wholesale,Transactional,P2,Category,/wholesale-lehengas/saree-lehenga/,Fusion
wholesale ethnic wear Tier 2 cities,Commercial,P2,Blog,/blog/tier-2-city-wholesale/,Expansion
small town boutique supplier,Commercial,P1,Blog,/blog/small-town-boutique/,B2B
rural market ethnic wear,Commercial,P2,Blog,/blog/rural-market-ethnic/,Expansion
Instagram seller saree wholesale,Commercial,P1,Blog,/blog/instagram-seller-guide/,Social commerce
online seller ethnic wear,Commercial,P1,Blog,/blog/online-seller-guide/,E-commerce
Amazon seller saree wholesale,Commercial,P2,Blog,/blog/amazon-seller-saree/,Marketplace
Flipkart seller ethnic wear,Commercial,P2,Blog,/blog/flipkart-seller-ethnic/,Marketplace
Meesho seller saree guide,Commercial,P1,Blog,/blog/meesho-seller-guide/,Reseller
GlowRoad seller wholesale,Commercial,P2,Blog,/blog/glowroad-seller-guide/,Reseller
GST registration saree business,Informational,P1,Blog,/blog/gst-registration-guide/,Compliance
saree business license India,Informational,P1,Blog,/blog/saree-business-license/,Starting
FSSAI for textile business,Informational,P3,Blog,/blog/textile-business-compliance/,Compliance
import export code sarees,Commercial,P2,Blog,/blog/import-export-code/,International
customs duty ethnic wear,Commercial,P2,Blog,/blog/customs-duty-ethnic/,Export
HS code Indian textiles,Commercial,P3,Blog,/blog/hs-code-textiles/,Technical
saree packaging wholesale,Informational,P2,Blog,/blog/saree-packaging-tips/,Operations
textile shipping best practices,Informational,P2,Blog,/blog/textile-shipping-tips/,Logistics
saree inventory management,Informational,P1,Blog,/blog/saree-inventory-tips/,Operations
kurti stock management,Informational,P2,Blog,/blog/kurti-stock-management/,Operations
ethnic wear visual merchandising,Informational,P2,Blog,/blog/visual-merchandising-tips/,Retail
saree display tips retail,Informational,P2,Blog,/blog/saree-display-tips/,Retail
ethnic wear store layout,Informational,P2,Blog,/blog/store-layout-ethnic/,Retail
saree photography tips,Informational,P1,Blog,/blog/saree-photography-tips/,Marketing
product photography ethnic wear,Informational,P1,Blog,/blog/product-photography-ethnic/,Marketing
saree video marketing,Informational,P2,Blog,/blog/saree-video-marketing/,Marketing
ethnic wear Facebook ads,Informational,P2,Blog,/blog/facebook-ads-ethnic/,Marketing
saree Instagram marketing,Informational,P1,Blog,/blog/instagram-marketing-saree/,Marketing
WhatsApp business sarees,Informational,P1,Blog,/blog/whatsapp-business-sarees/,Sales channel
